Unit;ADR13;ADR15;ADR16;Ocurrences;Class DeF
org.apache.flink.api.common.ArchivedExecutionConfig;1.0;1.0;1.0;3.0;1.0
org.apache.flink.api.common.ExecutionConfig;1.0;0.0;0.0;1.0;0.3333333333333333
org.apache.flink.api.common.ExecutionConfig$GlobalJobParameters;1.0;1.0;1.0;3.0;1.0
org.apache.flink.api.common.ExecutionConfig$SerializableSerializer;1.0;1.0;1.0;3.0;1.0
org.apache.flink.api.common.JobExecutionResult;1.0;1.0;1.0;3.0;1.0
org.apache.flink.api.common.JobID;1.0;1.0;1.0;3.0;1.0
org.apache.flink.api.common.JobSubmissionResult;1.0;1.0;1.0;3.0;1.0
org.apache.flink.api.common.NonSerializableUserCodeException;1.0;1.0;1.0;3.0;1.0
org.apache.flink.api.common.Plan;1.0;1.0;0.0;2.0;0.6666666666666666
org.apache.flink.api.common.Plan$MaxDopVisitor;1.0;1.0;1.0;3.0;1.0
org.apache.flink.api.common.PlanExecutor;1.0;1.0;0.0;2.0;0.6666666666666666
org.apache.flink.api.common.TaskInfo;1.0;1.0;1.0;3.0;1.0
org.apache.flink.api.common.accumulators.AccumulatorHelper;1.0;1.0;1.0;3.0;1.0
org.apache.flink.api.common.accumulators.AverageAccumulator;1.0;1.0;1.0;3.0;1.0
org.apache.flink.api.common.accumulators.DoubleCounter;1.0;1.0;1.0;3.0;1.0
org.apache.flink.api.common.accumulators.DoubleMaximum;1.0;1.0;1.0;3.0;1.0
org.apache.flink.api.common.accumulators.DoubleMinimum;1.0;1.0;1.0;3.0;1.0
org.apache.flink.api.common.accumulators.Histogram;1.0;1.0;1.0;3.0;1.0
org.apache.flink.api.common.accumulators.IntCounter;1.0;1.0;1.0;3.0;1.0
org.apache.flink.api.common.accumulators.IntMaximum;1.0;1.0;1.0;3.0;1.0
org.apache.flink.api.common.accumulators.IntMinimum;1.0;1.0;1.0;3.0;1.0
org.apache.flink.api.common.accumulators.ListAccumulator;1.0;1.0;1.0;3.0;1.0
org.apache.flink.api.common.accumulators.LongCounter;1.0;1.0;1.0;3.0;1.0
org.apache.flink.api.common.accumulators.LongMaximum;1.0;1.0;1.0;3.0;1.0
org.apache.flink.api.common.accumulators.LongMinimum;1.0;1.0;1.0;3.0;1.0
org.apache.flink.api.common.accumulators.SerializedListAccumulator;1.0;1.0;1.0;3.0;1.0
org.apache.flink.api.common.aggregators.AggregatorRegistry;1.0;1.0;1.0;3.0;1.0
org.apache.flink.api.common.aggregators.AggregatorWithName;1.0;1.0;1.0;3.0;1.0
org.apache.flink.api.common.aggregators.DoubleSumAggregator;1.0;1.0;1.0;3.0;1.0
org.apache.flink.api.common.aggregators.DoubleZeroConvergence;1.0;1.0;1.0;3.0;1.0
org.apache.flink.api.common.aggregators.LongSumAggregator;1.0;1.0;1.0;3.0;1.0
org.apache.flink.api.common.aggregators.LongZeroConvergence;1.0;1.0;1.0;3.0;1.0
org.apache.flink.api.common.cache.DistributedCache;1.0;1.0;1.0;3.0;1.0
org.apache.flink.api.common.cache.DistributedCache$DistributedCacheEntry;1.0;1.0;1.0;3.0;1.0
org.apache.flink.api.common.distributions.CommonRangeBoundaries;1.0;1.0;1.0;3.0;1.0
org.apache.flink.api.common.functions.AbstractRichFunction;1.0;1.0;1.0;3.0;1.0
org.apache.flink.api.common.functions.InvalidTypesException;1.0;1.0;1.0;3.0;1.0
org.apache.flink.api.common.functions.RichAggregateFunction;1.0;1.0;1.0;3.0;1.0
org.apache.flink.api.common.functions.RichCoGroupFunction;1.0;1.0;1.0;3.0;1.0
org.apache.flink.api.common.functions.RichCrossFunction;1.0;1.0;1.0;3.0;1.0
org.apache.flink.api.common.functions.RichFilterFunction;1.0;1.0;1.0;3.0;1.0
org.apache.flink.api.common.functions.RichFlatJoinFunction;1.0;1.0;1.0;3.0;1.0
org.apache.flink.api.common.functions.RichFlatMapFunction;1.0;1.0;1.0;3.0;1.0
org.apache.flink.api.common.functions.RichFoldFunction;1.0;1.0;1.0;3.0;1.0
org.apache.flink.api.common.functions.RichGroupCombineFunction;1.0;1.0;1.0;3.0;1.0
org.apache.flink.api.common.functions.RichGroupReduceFunction;1.0;1.0;1.0;3.0;1.0
org.apache.flink.api.common.functions.RichJoinFunction;1.0;1.0;1.0;3.0;1.0
org.apache.flink.api.common.functions.RichMapFunction;1.0;1.0;1.0;3.0;1.0
org.apache.flink.api.common.functions.RichMapPartitionFunction;1.0;1.0;1.0;3.0;1.0
org.apache.flink.api.common.functions.RichReduceFunction;1.0;1.0;1.0;3.0;1.0
org.apache.flink.api.common.functions.util.AbstractRuntimeUDFContext;1.0;1.0;0.0;2.0;0.6666666666666666
org.apache.flink.api.common.functions.util.CopyingIterator;1.0;1.0;1.0;3.0;1.0
org.apache.flink.api.common.functions.util.CopyingListCollector;1.0;1.0;1.0;3.0;1.0
org.apache.flink.api.common.functions.util.FunctionUtils;1.0;1.0;1.0;3.0;1.0
org.apache.flink.api.common.functions.util.ListCollector;1.0;1.0;1.0;3.0;1.0
org.apache.flink.api.common.functions.util.NoOpFunction;1.0;1.0;1.0;3.0;1.0
org.apache.flink.api.common.functions.util.RuntimeUDFContext;1.0;1.0;1.0;3.0;1.0
org.apache.flink.api.common.io.BinaryInputFormat;1.0;1.0;0.0;2.0;0.6666666666666666
org.apache.flink.api.common.io.BinaryInputFormat$BlockBasedInput;1.0;1.0;1.0;3.0;1.0
org.apache.flink.api.common.io.BinaryInputFormat$SequentialStatistics;1.0;1.0;1.0;3.0;1.0
org.apache.flink.api.common.io.BinaryOutputFormat;1.0;1.0;1.0;3.0;1.0
org.apache.flink.api.common.io.BinaryOutputFormat$BlockBasedOutput;1.0;1.0;1.0;3.0;1.0
org.apache.flink.api.common.io.BlockInfo;1.0;1.0;1.0;3.0;1.0
org.apache.flink.api.common.io.DefaultInputSplitAssigner;1.0;1.0;1.0;3.0;1.0
org.apache.flink.api.common.io.DelimitedInputFormat;1.0;0.0;0.0;1.0;0.3333333333333333
org.apache.flink.api.common.io.FileInputFormat;1.0;0.0;0.0;1.0;0.3333333333333333
org.apache.flink.api.common.io.FileInputFormat$FileBaseStatistics;1.0;1.0;1.0;3.0;1.0
org.apache.flink.api.common.io.FileInputFormat$InputSplitOpenThread;1.0;1.0;1.0;3.0;1.0
org.apache.flink.api.common.io.FileOutputFormat;1.0;1.0;0.0;2.0;0.6666666666666666
org.apache.flink.api.common.io.FilePathFilter;1.0;1.0;1.0;3.0;1.0
org.apache.flink.api.common.io.FilePathFilter$DefaultFilter;1.0;1.0;1.0;3.0;1.0
org.apache.flink.api.common.io.GenericCsvInputFormat;1.0;0.0;0.0;1.0;0.3333333333333333
org.apache.flink.api.common.io.GenericInputFormat;1.0;1.0;1.0;3.0;1.0
org.apache.flink.api.common.io.GlobFilePathFilter;1.0;1.0;1.0;3.0;1.0
org.apache.flink.api.common.io.InputStreamFSInputWrapper;1.0;1.0;1.0;3.0;1.0
org.apache.flink.api.common.io.LocatableInputSplitAssigner;1.0;1.0;1.0;3.0;1.0
org.apache.flink.api.common.io.LocatableInputSplitAssigner$LocatableInputSplitChooser;1.0;1.0;1.0;3.0;1.0
org.apache.flink.api.common.io.LocatableInputSplitAssigner$LocatableInputSplitWithCount;1.0;1.0;1.0;3.0;1.0
org.apache.flink.api.common.io.ParseException;1.0;1.0;1.0;3.0;1.0
org.apache.flink.api.common.io.ReplicatingInputFormat;1.0;1.0;0.0;2.0;0.6666666666666666
org.apache.flink.api.common.io.ReplicatingInputSplitAssigner;1.0;1.0;1.0;3.0;1.0
org.apache.flink.api.common.io.RichInputFormat;1.0;1.0;1.0;3.0;1.0
org.apache.flink.api.common.io.RichOutputFormat;1.0;1.0;1.0;3.0;1.0
org.apache.flink.api.common.io.SerializedInputFormat;1.0;1.0;1.0;3.0;1.0
org.apache.flink.api.common.io.SerializedOutputFormat;1.0;1.0;1.0;3.0;1.0
org.apache.flink.api.common.io.compression.Bzip2InputStreamFactory;1.0;1.0;1.0;3.0;1.0
org.apache.flink.api.common.io.compression.DeflateInflaterInputStreamFactory;1.0;1.0;1.0;3.0;1.0
org.apache.flink.api.common.io.compression.GzipInflaterInputStreamFactory;1.0;1.0;1.0;3.0;1.0
org.apache.flink.api.common.io.compression.XZInputStreamFactory;1.0;1.0;1.0;3.0;1.0
org.apache.flink.api.common.operators.AbstractUdfOperator;1.0;1.0;1.0;3.0;1.0
org.apache.flink.api.common.operators.CollectionExecutor;1.0;1.0;1.0;3.0;1.0
org.apache.flink.api.common.operators.CollectionExecutor$CompletedFuture;1.0;1.0;1.0;3.0;1.0
org.apache.flink.api.common.operators.CollectionExecutor$DynamicPathCollector;1.0;1.0;1.0;3.0;1.0
org.apache.flink.api.common.operators.CollectionExecutor$IterationRuntimeUDFContext;1.0;1.0;1.0;3.0;1.0
org.apache.flink.api.common.operators.CompilerHints;1.0;1.0;0.0;2.0;0.6666666666666666
org.apache.flink.api.common.operators.DualInputOperator;1.0;1.0;0.0;2.0;0.6666666666666666
org.apache.flink.api.common.operators.DualInputSemanticProperties;1.0;1.0;1.0;3.0;1.0
org.apache.flink.api.common.operators.GenericDataSinkBase;1.0;1.0;0.0;2.0;0.6666666666666666
org.apache.flink.api.common.operators.GenericDataSourceBase;1.0;1.0;1.0;3.0;1.0
org.apache.flink.api.common.operators.Keys;1.0;1.0;1.0;3.0;1.0
org.apache.flink.api.common.operators.Keys$ExpressionKeys;1.0;1.0;1.0;3.0;1.0
org.apache.flink.api.common.operators.Keys$IncompatibleKeysException;1.0;1.0;1.0;3.0;1.0
org.apache.flink.api.common.operators.Keys$SelectorFunctionKeys;1.0;1.0;1.0;3.0;1.0
org.apache.flink.api.common.operators.Operator;1.0;1.0;0.0;2.0;0.6666666666666666
org.apache.flink.api.common.operators.Ordering;1.0;1.0;0.0;2.0;0.6666666666666666
org.apache.flink.api.common.operators.ResourceSpec;1.0;1.0;0.0;2.0;0.6666666666666666
org.apache.flink.api.common.operators.ResourceSpec$Builder;1.0;1.0;1.0;3.0;1.0
org.apache.flink.api.common.operators.SemanticProperties$EmptySemanticProperties;1.0;1.0;1.0;3.0;1.0
org.apache.flink.api.common.operators.SemanticProperties$InvalidSemanticAnnotationException;1.0;1.0;1.0;3.0;1.0
org.apache.flink.api.common.operators.SingleInputOperator;1.0;1.0;0.0;2.0;0.6666666666666666
org.apache.flink.api.common.operators.SingleInputSemanticProperties;1.0;1.0;1.0;3.0;1.0
org.apache.flink.api.common.operators.SingleInputSemanticProperties$AllFieldsForwardedProperties;1.0;1.0;1.0;3.0;1.0
org.apache.flink.api.common.operators.Union;1.0;1.0;1.0;3.0;1.0
org.apache.flink.api.common.operators.base.BulkIterationBase;1.0;1.0;0.0;2.0;0.6666666666666666
org.apache.flink.api.common.operators.base.BulkIterationBase$PartialSolutionPlaceHolder;1.0;1.0;1.0;3.0;1.0
org.apache.flink.api.common.operators.base.BulkIterationBase$TerminationCriterionAggregationConvergence;1.0;1.0;1.0;3.0;1.0
org.apache.flink.api.common.operators.base.BulkIterationBase$TerminationCriterionAggregator;1.0;1.0;1.0;3.0;1.0
org.apache.flink.api.common.operators.base.BulkIterationBase$TerminationCriterionMapper;1.0;1.0;1.0;3.0;1.0
org.apache.flink.api.common.operators.base.CoGroupOperatorBase;1.0;1.0;0.0;2.0;0.6666666666666666
org.apache.flink.api.common.operators.base.CoGroupOperatorBase$CoGroupSortListIterator;1.0;1.0;1.0;3.0;1.0
org.apache.flink.api.common.operators.base.CoGroupRawOperatorBase;1.0;1.0;0.0;2.0;0.6666666666666666
org.apache.flink.api.common.operators.base.CoGroupRawOperatorBase$SimpleListIterable;1.0;1.0;1.0;3.0;1.0
org.apache.flink.api.common.operators.base.CoGroupRawOperatorBase$SimpleListIterable$SimpleListIterator;1.0;1.0;1.0;3.0;1.0
org.apache.flink.api.common.operators.base.CrossOperatorBase;1.0;1.0;1.0;3.0;1.0
org.apache.flink.api.common.operators.base.DeltaIterationBase;1.0;1.0;0.0;2.0;0.6666666666666666
org.apache.flink.api.common.operators.base.DeltaIterationBase$SolutionSetPlaceHolder;1.0;1.0;1.0;3.0;1.0
org.apache.flink.api.common.operators.base.DeltaIterationBase$WorksetPlaceHolder;1.0;1.0;1.0;3.0;1.0
org.apache.flink.api.common.operators.base.FilterOperatorBase;1.0;1.0;1.0;3.0;1.0
org.apache.flink.api.common.operators.base.FlatMapOperatorBase;1.0;1.0;1.0;3.0;1.0
org.apache.flink.api.common.operators.base.GroupCombineOperatorBase;1.0;1.0;1.0;3.0;1.0
org.apache.flink.api.common.operators.base.GroupReduceOperatorBase;1.0;1.0;1.0;3.0;1.0
org.apache.flink.api.common.operators.base.InnerJoinOperatorBase;1.0;1.0;1.0;3.0;1.0
org.apache.flink.api.common.operators.base.JoinOperatorBase;1.0;1.0;1.0;3.0;1.0
org.apache.flink.api.common.operators.base.MapOperatorBase;1.0;1.0;1.0;3.0;1.0
org.apache.flink.api.common.operators.base.MapPartitionOperatorBase;1.0;1.0;1.0;3.0;1.0
org.apache.flink.api.common.operators.base.OuterJoinOperatorBase;1.0;1.0;1.0;3.0;1.0
org.apache.flink.api.common.operators.base.OuterJoinOperatorBase$OuterJoinListIterator;1.0;1.0;1.0;3.0;1.0
org.apache.flink.api.common.operators.base.PartitionOperatorBase;1.0;1.0;1.0;3.0;1.0
org.apache.flink.api.common.operators.base.ReduceOperatorBase;1.0;1.0;1.0;3.0;1.0
org.apache.flink.api.common.operators.base.SortPartitionOperatorBase;1.0;1.0;1.0;3.0;1.0
org.apache.flink.api.common.operators.util.FieldList;1.0;1.0;0.0;2.0;0.6666666666666666
org.apache.flink.api.common.operators.util.FieldSet;1.0;1.0;0.0;2.0;0.6666666666666666
org.apache.flink.api.common.operators.util.JoinHashMap;1.0;1.0;1.0;3.0;1.0
org.apache.flink.api.common.operators.util.JoinHashMap$Prober;1.0;1.0;1.0;3.0;1.0
org.apache.flink.api.common.operators.util.ListKeyGroupedIterator;1.0;1.0;1.0;3.0;1.0
org.apache.flink.api.common.operators.util.ListKeyGroupedIterator$ValuesIterator;1.0;1.0;1.0;3.0;1.0
org.apache.flink.api.common.operators.util.TypeComparable;1.0;1.0;1.0;3.0;1.0
org.apache.flink.api.common.operators.util.UserCodeClassWrapper;1.0;1.0;1.0;3.0;1.0
org.apache.flink.api.common.operators.util.UserCodeObjectWrapper;1.0;1.0;1.0;3.0;1.0
org.apache.flink.api.common.resources.GPUResource;1.0;1.0;1.0;3.0;1.0
org.apache.flink.api.common.resources.Resource;1.0;1.0;1.0;3.0;1.0
org.apache.flink.api.common.restartstrategy.RestartStrategies;1.0;1.0;1.0;3.0;1.0
org.apache.flink.api.common.restartstrategy.RestartStrategies$FailureRateRestartStrategyConfiguration;1.0;1.0;1.0;3.0;1.0
org.apache.flink.api.common.restartstrategy.RestartStrategies$FallbackRestartStrategyConfiguration;1.0;1.0;1.0;3.0;1.0
org.apache.flink.api.common.restartstrategy.RestartStrategies$FixedDelayRestartStrategyConfiguration;1.0;1.0;1.0;3.0;1.0
org.apache.flink.api.common.restartstrategy.RestartStrategies$NoRestartStrategyConfiguration;1.0;1.0;1.0;3.0;1.0
org.apache.flink.api.common.restartstrategy.RestartStrategies$RestartStrategyConfiguration;1.0;1.0;1.0;3.0;1.0
org.apache.flink.api.common.serialization.AbstractDeserializationSchema;1.0;1.0;1.0;3.0;1.0
org.apache.flink.api.common.serialization.SimpleStringEncoder;1.0;1.0;1.0;3.0;1.0
org.apache.flink.api.common.serialization.SimpleStringSchema;1.0;1.0;1.0;3.0;1.0
org.apache.flink.api.common.serialization.TypeInformationSerializationSchema;1.0;1.0;1.0;3.0;1.0
org.apache.flink.api.common.state.AggregatingStateDescriptor;1.0;1.0;1.0;3.0;1.0
org.apache.flink.api.common.state.FoldingStateDescriptor;1.0;1.0;1.0;3.0;1.0
org.apache.flink.api.common.state.ListStateDescriptor;1.0;1.0;1.0;3.0;1.0
org.apache.flink.api.common.state.MapStateDescriptor;1.0;1.0;1.0;3.0;1.0
org.apache.flink.api.common.state.ReducingStateDescriptor;1.0;1.0;1.0;3.0;1.0
org.apache.flink.api.common.state.StateDescriptor;1.0;1.0;0.0;2.0;0.6666666666666666
org.apache.flink.api.common.state.StateTtlConfig;1.0;1.0;1.0;3.0;1.0
org.apache.flink.api.common.state.StateTtlConfig$Builder;1.0;1.0;0.0;2.0;0.6666666666666666
org.apache.flink.api.common.state.StateTtlConfig$CleanupStrategies;1.0;1.0;1.0;3.0;1.0
org.apache.flink.api.common.state.ValueStateDescriptor;1.0;1.0;1.0;3.0;1.0
org.apache.flink.api.common.time.Deadline;1.0;1.0;1.0;3.0;1.0
org.apache.flink.api.common.time.Time;1.0;1.0;1.0;3.0;1.0
org.apache.flink.api.common.typeinfo.BasicArrayTypeInfo;1.0;1.0;0.0;2.0;0.6666666666666666
org.apache.flink.api.common.typeinfo.BasicTypeInfo;1.0;0.0;0.0;1.0;0.3333333333333333
org.apache.flink.api.common.typeinfo.FractionalTypeInfo;1.0;1.0;1.0;3.0;1.0
org.apache.flink.api.common.typeinfo.IntegerTypeInfo;1.0;1.0;1.0;3.0;1.0
org.apache.flink.api.common.typeinfo.NothingTypeInfo;1.0;1.0;0.0;2.0;0.6666666666666666
org.apache.flink.api.common.typeinfo.NumericTypeInfo;1.0;1.0;1.0;3.0;1.0
org.apache.flink.api.common.typeinfo.PrimitiveArrayTypeInfo;1.0;1.0;0.0;2.0;0.6666666666666666
org.apache.flink.api.common.typeinfo.SqlTimeTypeInfo;1.0;1.0;0.0;2.0;0.6666666666666666
org.apache.flink.api.common.typeinfo.TypeHint;1.0;1.0;1.0;3.0;1.0
org.apache.flink.api.common.typeinfo.TypeInfoFactory;1.0;1.0;1.0;3.0;1.0
org.apache.flink.api.common.typeinfo.Types;1.0;1.0;0.0;2.0;0.6666666666666666
org.apache.flink.api.common.typeutils.CompatibilityResult;1.0;1.0;1.0;3.0;1.0
org.apache.flink.api.common.typeutils.CompatibilityUtil;1.0;1.0;1.0;3.0;1.0
org.apache.flink.api.common.typeutils.CompositeSerializer;1.0;1.0;0.0;2.0;0.6666666666666666
org.apache.flink.api.common.typeutils.CompositeSerializer$ConfigSnapshot;1.0;1.0;1.0;3.0;1.0
org.apache.flink.api.common.typeutils.CompositeSerializer$PrecomputedParameters;1.0;1.0;1.0;3.0;1.0
org.apache.flink.api.common.typeutils.CompositeType;1.0;1.0;0.0;2.0;0.6666666666666666
org.apache.flink.api.common.typeutils.CompositeType$FlatFieldDescriptor;1.0;1.0;1.0;3.0;1.0
org.apache.flink.api.common.typeutils.CompositeType$InvalidFieldReferenceException;1.0;1.0;1.0;3.0;1.0
org.apache.flink.api.common.typeutils.CompositeTypeComparator;1.0;1.0;1.0;3.0;1.0
org.apache.flink.api.common.typeutils.CompositeTypeSerializerConfigSnapshot;1.0;1.0;1.0;3.0;1.0
org.apache.flink.api.common.typeutils.GenericPairComparator;1.0;1.0;1.0;3.0;1.0
org.apache.flink.api.common.typeutils.GenericTypeSerializerConfigSnapshot;1.0;1.0;1.0;3.0;1.0
org.apache.flink.api.common.typeutils.ParameterlessTypeSerializerConfig;1.0;1.0;1.0;3.0;1.0
org.apache.flink.api.common.typeutils.SameTypePairComparator;1.0;1.0;1.0;3.0;1.0
org.apache.flink.api.common.typeutils.TypeDeserializerAdapter;1.0;1.0;0.0;2.0;0.6666666666666666
org.apache.flink.api.common.typeutils.TypePairComparator;1.0;1.0;1.0;3.0;1.0
org.apache.flink.api.common.typeutils.TypeSerializerConfigSnapshot;1.0;1.0;1.0;3.0;1.0
org.apache.flink.api.common.typeutils.TypeSerializerSerializationUtil;1.0;1.0;1.0;3.0;1.0
org.apache.flink.api.common.typeutils.TypeSerializerSerializationUtil$TypeSerializerConfigSnapshotSerializationProxy;1.0;1.0;1.0;3.0;1.0
org.apache.flink.api.common.typeutils.TypeSerializerSerializationUtil$TypeSerializerSerializationProxy;1.0;1.0;1.0;3.0;1.0
org.apache.flink.api.common.typeutils.UnloadableDummyTypeSerializer;1.0;1.0;0.0;2.0;0.6666666666666666
org.apache.flink.api.common.typeutils.UnloadableTypeSerializerException;1.0;1.0;1.0;3.0;1.0
org.apache.flink.api.common.typeutils.base.BasicTypeComparator;1.0;1.0;0.0;2.0;0.6666666666666666
org.apache.flink.api.common.typeutils.base.BigDecComparator;1.0;1.0;1.0;3.0;1.0
org.apache.flink.api.common.typeutils.base.BigDecSerializer;1.0;1.0;0.0;2.0;0.6666666666666666
org.apache.flink.api.common.typeutils.base.BigIntComparator;1.0;1.0;1.0;3.0;1.0
org.apache.flink.api.common.typeutils.base.BigIntSerializer;1.0;1.0;0.0;2.0;0.6666666666666666
org.apache.flink.api.common.typeutils.base.BooleanComparator;1.0;1.0;1.0;3.0;1.0
org.apache.flink.api.common.typeutils.base.BooleanSerializer;1.0;1.0;0.0;2.0;0.6666666666666666
org.apache.flink.api.common.typeutils.base.BooleanValueComparator;1.0;1.0;0.0;2.0;0.6666666666666666
org.apache.flink.api.common.typeutils.base.BooleanValueSerializer;1.0;1.0;0.0;2.0;0.6666666666666666
org.apache.flink.api.common.typeutils.base.ByteComparator;1.0;1.0;1.0;3.0;1.0
org.apache.flink.api.common.typeutils.base.ByteSerializer;1.0;1.0;0.0;2.0;0.6666666666666666
org.apache.flink.api.common.typeutils.base.ByteValueComparator;1.0;1.0;0.0;2.0;0.6666666666666666
org.apache.flink.api.common.typeutils.base.ByteValueSerializer;1.0;1.0;0.0;2.0;0.6666666666666666
org.apache.flink.api.common.typeutils.base.CharComparator;1.0;1.0;1.0;3.0;1.0
org.apache.flink.api.common.typeutils.base.CharSerializer;1.0;1.0;0.0;2.0;0.6666666666666666
org.apache.flink.api.common.typeutils.base.CharValueComparator;1.0;1.0;0.0;2.0;0.6666666666666666
org.apache.flink.api.common.typeutils.base.CharValueSerializer;1.0;1.0;0.0;2.0;0.6666666666666666
org.apache.flink.api.common.typeutils.base.CollectionSerializerConfigSnapshot;1.0;1.0;1.0;3.0;1.0
org.apache.flink.api.common.typeutils.base.DateComparator;1.0;1.0;1.0;3.0;1.0
org.apache.flink.api.common.typeutils.base.DateSerializer;1.0;1.0;0.0;2.0;0.6666666666666666
org.apache.flink.api.common.typeutils.base.DoubleComparator;1.0;1.0;1.0;3.0;1.0
org.apache.flink.api.common.typeutils.base.DoubleSerializer;1.0;1.0;0.0;2.0;0.6666666666666666
org.apache.flink.api.common.typeutils.base.DoubleValueComparator;1.0;1.0;0.0;2.0;0.6666666666666666
org.apache.flink.api.common.typeutils.base.DoubleValueSerializer;1.0;1.0;0.0;2.0;0.6666666666666666
org.apache.flink.api.common.typeutils.base.EnumComparator;1.0;1.0;1.0;3.0;1.0
org.apache.flink.api.common.typeutils.base.EnumSerializer;1.0;1.0;0.0;2.0;0.6666666666666666
org.apache.flink.api.common.typeutils.base.EnumSerializer$EnumSerializerConfigSnapshot;1.0;1.0;1.0;3.0;1.0
org.apache.flink.api.common.typeutils.base.FloatComparator;1.0;1.0;1.0;3.0;1.0
org.apache.flink.api.common.typeutils.base.FloatSerializer;1.0;1.0;0.0;2.0;0.6666666666666666
org.apache.flink.api.common.typeutils.base.FloatValueComparator;1.0;1.0;0.0;2.0;0.6666666666666666
org.apache.flink.api.common.typeutils.base.FloatValueSerializer;1.0;1.0;0.0;2.0;0.6666666666666666
org.apache.flink.api.common.typeutils.base.GenericArraySerializer;1.0;1.0;0.0;2.0;0.6666666666666666
org.apache.flink.api.common.typeutils.base.GenericArraySerializerConfigSnapshot;1.0;1.0;1.0;3.0;1.0
org.apache.flink.api.common.typeutils.base.IntComparator;1.0;1.0;1.0;3.0;1.0
org.apache.flink.api.common.typeutils.base.IntSerializer;1.0;1.0;0.0;2.0;0.6666666666666666
org.apache.flink.api.common.typeutils.base.IntValueComparator;1.0;1.0;0.0;2.0;0.6666666666666666
org.apache.flink.api.common.typeutils.base.IntValueSerializer;1.0;1.0;0.0;2.0;0.6666666666666666
org.apache.flink.api.common.typeutils.base.ListSerializer;1.0;1.0;0.0;2.0;0.6666666666666666
org.apache.flink.api.common.typeutils.base.LongComparator;1.0;1.0;1.0;3.0;1.0
org.apache.flink.api.common.typeutils.base.LongSerializer;1.0;1.0;0.0;2.0;0.6666666666666666
org.apache.flink.api.common.typeutils.base.LongValueComparator;1.0;1.0;0.0;2.0;0.6666666666666666
org.apache.flink.api.common.typeutils.base.LongValueSerializer;1.0;1.0;0.0;2.0;0.6666666666666666
org.apache.flink.api.common.typeutils.base.MapSerializer;1.0;1.0;0.0;2.0;0.6666666666666666
org.apache.flink.api.common.typeutils.base.MapSerializerConfigSnapshot;1.0;1.0;1.0;3.0;1.0
org.apache.flink.api.common.typeutils.base.NullValueComparator;1.0;1.0;0.0;2.0;0.6666666666666666
org.apache.flink.api.common.typeutils.base.NullValueSerializer;1.0;1.0;1.0;3.0;1.0
org.apache.flink.api.common.typeutils.base.ShortComparator;1.0;1.0;1.0;3.0;1.0
org.apache.flink.api.common.typeutils.base.ShortSerializer;1.0;1.0;0.0;2.0;0.6666666666666666
org.apache.flink.api.common.typeutils.base.ShortValueComparator;1.0;1.0;0.0;2.0;0.6666666666666666
org.apache.flink.api.common.typeutils.base.ShortValueSerializer;1.0;1.0;0.0;2.0;0.6666666666666666
org.apache.flink.api.common.typeutils.base.SqlDateSerializer;1.0;1.0;0.0;2.0;0.6666666666666666
org.apache.flink.api.common.typeutils.base.SqlTimeSerializer;1.0;1.0;0.0;2.0;0.6666666666666666
org.apache.flink.api.common.typeutils.base.SqlTimestampComparator;1.0;1.0;1.0;3.0;1.0
org.apache.flink.api.common.typeutils.base.SqlTimestampSerializer;1.0;1.0;1.0;3.0;1.0
org.apache.flink.api.common.typeutils.base.StringComparator;1.0;1.0;1.0;3.0;1.0
org.apache.flink.api.common.typeutils.base.StringSerializer;1.0;1.0;0.0;2.0;0.6666666666666666
org.apache.flink.api.common.typeutils.base.StringValueComparator;1.0;1.0;0.0;2.0;0.6666666666666666
org.apache.flink.api.common.typeutils.base.StringValueSerializer;1.0;1.0;0.0;2.0;0.6666666666666666
org.apache.flink.api.common.typeutils.base.VoidSerializer;1.0;1.0;1.0;3.0;1.0
org.apache.flink.api.common.typeutils.base.array.BooleanPrimitiveArrayComparator;1.0;1.0;1.0;3.0;1.0
org.apache.flink.api.common.typeutils.base.array.BooleanPrimitiveArraySerializer;1.0;1.0;1.0;3.0;1.0
org.apache.flink.api.common.typeutils.base.array.BytePrimitiveArrayComparator;1.0;1.0;1.0;3.0;1.0
org.apache.flink.api.common.typeutils.base.array.BytePrimitiveArraySerializer;1.0;1.0;1.0;3.0;1.0
org.apache.flink.api.common.typeutils.base.array.CharPrimitiveArrayComparator;1.0;1.0;1.0;3.0;1.0
org.apache.flink.api.common.typeutils.base.array.CharPrimitiveArraySerializer;1.0;1.0;1.0;3.0;1.0
org.apache.flink.api.common.typeutils.base.array.DoublePrimitiveArrayComparator;1.0;1.0;1.0;3.0;1.0
org.apache.flink.api.common.typeutils.base.array.DoublePrimitiveArraySerializer;1.0;1.0;1.0;3.0;1.0
org.apache.flink.api.common.typeutils.base.array.FloatPrimitiveArrayComparator;1.0;1.0;1.0;3.0;1.0
org.apache.flink.api.common.typeutils.base.array.FloatPrimitiveArraySerializer;1.0;1.0;1.0;3.0;1.0
org.apache.flink.api.common.typeutils.base.array.IntPrimitiveArrayComparator;1.0;1.0;1.0;3.0;1.0
org.apache.flink.api.common.typeutils.base.array.IntPrimitiveArraySerializer;1.0;1.0;1.0;3.0;1.0
org.apache.flink.api.common.typeutils.base.array.LongPrimitiveArrayComparator;1.0;1.0;1.0;3.0;1.0
org.apache.flink.api.common.typeutils.base.array.LongPrimitiveArraySerializer;1.0;1.0;1.0;3.0;1.0
org.apache.flink.api.common.typeutils.base.array.PrimitiveArrayComparator;1.0;1.0;0.0;2.0;0.6666666666666666
org.apache.flink.api.common.typeutils.base.array.ShortPrimitiveArrayComparator;1.0;1.0;1.0;3.0;1.0
org.apache.flink.api.common.typeutils.base.array.ShortPrimitiveArraySerializer;1.0;1.0;1.0;3.0;1.0
org.apache.flink.api.common.typeutils.base.array.StringArraySerializer;1.0;1.0;1.0;3.0;1.0
org.apache.flink.api.java.functions.NullByteKeySelector;1.0;1.0;1.0;3.0;1.0
org.apache.flink.api.java.tuple.Tuple;1.0;1.0;1.0;3.0;1.0
org.apache.flink.api.java.tuple.Tuple0;1.0;1.0;1.0;3.0;1.0
org.apache.flink.api.java.tuple.Tuple1;1.0;1.0;1.0;3.0;1.0
org.apache.flink.api.java.tuple.Tuple10;1.0;1.0;1.0;3.0;1.0
org.apache.flink.api.java.tuple.Tuple11;1.0;1.0;1.0;3.0;1.0
org.apache.flink.api.java.tuple.Tuple12;1.0;1.0;1.0;3.0;1.0
org.apache.flink.api.java.tuple.Tuple13;1.0;1.0;1.0;3.0;1.0
org.apache.flink.api.java.tuple.Tuple14;1.0;1.0;1.0;3.0;1.0
org.apache.flink.api.java.tuple.Tuple15;1.0;0.0;1.0;2.0;0.6666666666666666
org.apache.flink.api.java.tuple.Tuple16;1.0;0.0;1.0;2.0;0.6666666666666666
org.apache.flink.api.java.tuple.Tuple17;1.0;0.0;1.0;2.0;0.6666666666666666
org.apache.flink.api.java.tuple.Tuple18;1.0;0.0;1.0;2.0;0.6666666666666666
org.apache.flink.api.java.tuple.Tuple19;1.0;0.0;1.0;2.0;0.6666666666666666
org.apache.flink.api.java.tuple.Tuple2;1.0;1.0;1.0;3.0;1.0
org.apache.flink.api.java.tuple.Tuple20;1.0;0.0;1.0;2.0;0.6666666666666666
org.apache.flink.api.java.tuple.Tuple21;1.0;0.0;1.0;2.0;0.6666666666666666
org.apache.flink.api.java.tuple.Tuple22;1.0;0.0;1.0;2.0;0.6666666666666666
org.apache.flink.api.java.tuple.Tuple23;1.0;0.0;1.0;2.0;0.6666666666666666
org.apache.flink.api.java.tuple.Tuple24;1.0;0.0;1.0;2.0;0.6666666666666666
org.apache.flink.api.java.tuple.Tuple25;1.0;0.0;1.0;2.0;0.6666666666666666
org.apache.flink.api.java.tuple.Tuple3;1.0;1.0;1.0;3.0;1.0
org.apache.flink.api.java.tuple.Tuple4;1.0;1.0;1.0;3.0;1.0
org.apache.flink.api.java.tuple.Tuple5;1.0;1.0;1.0;3.0;1.0
org.apache.flink.api.java.tuple.Tuple6;1.0;1.0;1.0;3.0;1.0
org.apache.flink.api.java.tuple.Tuple7;1.0;1.0;1.0;3.0;1.0
org.apache.flink.api.java.tuple.Tuple8;1.0;1.0;1.0;3.0;1.0
org.apache.flink.api.java.tuple.Tuple9;1.0;1.0;1.0;3.0;1.0
org.apache.flink.api.java.tuple.builder.Tuple0Builder;1.0;1.0;1.0;3.0;1.0
org.apache.flink.api.java.tuple.builder.Tuple10Builder;1.0;1.0;1.0;3.0;1.0
org.apache.flink.api.java.tuple.builder.Tuple11Builder;1.0;1.0;1.0;3.0;1.0
org.apache.flink.api.java.tuple.builder.Tuple12Builder;1.0;1.0;1.0;3.0;1.0
org.apache.flink.api.java.tuple.builder.Tuple13Builder;1.0;1.0;1.0;3.0;1.0
org.apache.flink.api.java.tuple.builder.Tuple14Builder;1.0;1.0;1.0;3.0;1.0
org.apache.flink.api.java.tuple.builder.Tuple15Builder;1.0;1.0;1.0;3.0;1.0
org.apache.flink.api.java.tuple.builder.Tuple16Builder;1.0;1.0;1.0;3.0;1.0
org.apache.flink.api.java.tuple.builder.Tuple17Builder;1.0;1.0;1.0;3.0;1.0
org.apache.flink.api.java.tuple.builder.Tuple18Builder;1.0;1.0;1.0;3.0;1.0
org.apache.flink.api.java.tuple.builder.Tuple19Builder;1.0;1.0;1.0;3.0;1.0
org.apache.flink.api.java.tuple.builder.Tuple1Builder;1.0;1.0;1.0;3.0;1.0
org.apache.flink.api.java.tuple.builder.Tuple20Builder;1.0;1.0;1.0;3.0;1.0
org.apache.flink.api.java.tuple.builder.Tuple21Builder;1.0;1.0;1.0;3.0;1.0
org.apache.flink.api.java.tuple.builder.Tuple22Builder;1.0;1.0;1.0;3.0;1.0
org.apache.flink.api.java.tuple.builder.Tuple23Builder;1.0;1.0;1.0;3.0;1.0
org.apache.flink.api.java.tuple.builder.Tuple24Builder;1.0;1.0;1.0;3.0;1.0
org.apache.flink.api.java.tuple.builder.Tuple25Builder;1.0;1.0;1.0;3.0;1.0
org.apache.flink.api.java.tuple.builder.Tuple2Builder;1.0;1.0;1.0;3.0;1.0
org.apache.flink.api.java.tuple.builder.Tuple3Builder;1.0;1.0;1.0;3.0;1.0
org.apache.flink.api.java.tuple.builder.Tuple4Builder;1.0;1.0;1.0;3.0;1.0
org.apache.flink.api.java.tuple.builder.Tuple5Builder;1.0;1.0;1.0;3.0;1.0
org.apache.flink.api.java.tuple.builder.Tuple6Builder;1.0;1.0;1.0;3.0;1.0
org.apache.flink.api.java.tuple.builder.Tuple7Builder;1.0;1.0;1.0;3.0;1.0
org.apache.flink.api.java.tuple.builder.Tuple8Builder;1.0;1.0;1.0;3.0;1.0
org.apache.flink.api.java.tuple.builder.Tuple9Builder;1.0;1.0;1.0;3.0;1.0
org.apache.flink.api.java.typeutils.AvroUtils;1.0;1.0;1.0;3.0;1.0
org.apache.flink.api.java.typeutils.AvroUtils$DefaultAvroUtils;1.0;1.0;1.0;3.0;1.0
org.apache.flink.api.java.typeutils.EitherTypeInfo;1.0;1.0;0.0;2.0;0.6666666666666666
org.apache.flink.api.java.typeutils.EitherTypeInfoFactory;1.0;1.0;1.0;3.0;1.0
org.apache.flink.api.java.typeutils.EnumTypeInfo;1.0;1.0;0.0;2.0;0.6666666666666666
org.apache.flink.api.java.typeutils.GenericTypeInfo;1.0;1.0;0.0;2.0;0.6666666666666666
org.apache.flink.api.java.typeutils.ListTypeInfo;1.0;1.0;0.0;2.0;0.6666666666666666
org.apache.flink.api.java.typeutils.MapTypeInfo;1.0;1.0;0.0;2.0;0.6666666666666666
org.apache.flink.api.java.typeutils.MissingTypeInfo;1.0;1.0;0.0;2.0;0.6666666666666666
org.apache.flink.api.java.typeutils.MultisetTypeInfo;1.0;1.0;1.0;3.0;1.0
org.apache.flink.api.java.typeutils.ObjectArrayTypeInfo;1.0;1.0;0.0;2.0;0.6666666666666666
org.apache.flink.api.java.typeutils.PojoField;1.0;1.0;1.0;3.0;1.0
org.apache.flink.api.java.typeutils.PojoTypeInfo;1.0;1.0;0.0;2.0;0.6666666666666666
org.apache.flink.api.java.typeutils.PojoTypeInfo$NamedFlatFieldDescriptor;1.0;1.0;1.0;3.0;1.0
org.apache.flink.api.java.typeutils.PojoTypeInfo$PojoTypeComparatorBuilder;1.0;1.0;1.0;3.0;1.0
org.apache.flink.api.java.typeutils.RowTypeInfo;1.0;1.0;0.0;2.0;0.6666666666666666
org.apache.flink.api.java.typeutils.RowTypeInfo$RowTypeComparatorBuilder;1.0;1.0;1.0;3.0;1.0
org.apache.flink.api.java.typeutils.TupleTypeInfo;1.0;1.0;0.0;2.0;0.6666666666666666
org.apache.flink.api.java.typeutils.TupleTypeInfo$TupleTypeComparatorBuilder;1.0;1.0;1.0;3.0;1.0
org.apache.flink.api.java.typeutils.TupleTypeInfoBase;1.0;1.0;0.0;2.0;0.6666666666666666
org.apache.flink.api.java.typeutils.TypeExtractionException;1.0;1.0;1.0;3.0;1.0
org.apache.flink.api.java.typeutils.TypeExtractionUtils;1.0;1.0;0.0;2.0;0.6666666666666666
org.apache.flink.api.java.typeutils.TypeExtractionUtils$LambdaExecutable;1.0;1.0;1.0;3.0;1.0
org.apache.flink.api.java.typeutils.TypeExtractor;1.0;1.0;0.0;2.0;0.6666666666666666
org.apache.flink.api.java.typeutils.ValueTypeInfo;1.0;1.0;0.0;2.0;0.6666666666666666
org.apache.flink.api.java.typeutils.runtime.CopyableValueComparator;1.0;1.0;0.0;2.0;0.6666666666666666
org.apache.flink.api.java.typeutils.runtime.CopyableValueSerializer;1.0;1.0;0.0;2.0;0.6666666666666666
org.apache.flink.api.java.typeutils.runtime.CopyableValueSerializer$CopyableValueSerializerConfigSnapshot;1.0;1.0;1.0;3.0;1.0
org.apache.flink.api.java.typeutils.runtime.DataInputViewStream;1.0;1.0;1.0;3.0;1.0
org.apache.flink.api.java.typeutils.runtime.DataOutputViewStream;1.0;1.0;1.0;3.0;1.0
org.apache.flink.api.java.typeutils.runtime.EitherSerializer;1.0;1.0;0.0;2.0;0.6666666666666666
org.apache.flink.api.java.typeutils.runtime.EitherSerializerConfigSnapshot;1.0;1.0;1.0;3.0;1.0
org.apache.flink.api.java.typeutils.runtime.FieldSerializer;1.0;1.0;1.0;3.0;1.0
org.apache.flink.api.java.typeutils.runtime.GenericTypeComparator;1.0;1.0;0.0;2.0;0.6666666666666666
org.apache.flink.api.java.typeutils.runtime.KryoRegistration;1.0;1.0;1.0;3.0;1.0
org.apache.flink.api.java.typeutils.runtime.KryoRegistrationSerializerConfigSnapshot;1.0;1.0;1.0;3.0;1.0
org.apache.flink.api.java.typeutils.runtime.KryoRegistrationSerializerConfigSnapshot$DummyKryoSerializerClass;1.0;1.0;1.0;3.0;1.0
org.apache.flink.api.java.typeutils.runtime.KryoRegistrationSerializerConfigSnapshot$DummyRegisteredClass;1.0;1.0;1.0;3.0;1.0
org.apache.flink.api.java.typeutils.runtime.KryoRegistrationSerializerConfigSnapshot$KryoRegistrationSerializationProxy;1.0;1.0;1.0;3.0;1.0
org.apache.flink.api.java.typeutils.runtime.KryoUtils;1.0;1.0;1.0;3.0;1.0
org.apache.flink.api.java.typeutils.runtime.NoFetchingInput;1.0;1.0;1.0;3.0;1.0
org.apache.flink.api.java.typeutils.runtime.NullAwareComparator;1.0;1.0;0.0;2.0;0.6666666666666666
org.apache.flink.api.java.typeutils.runtime.NullMaskUtils;1.0;1.0;1.0;3.0;1.0
org.apache.flink.api.java.typeutils.runtime.PojoComparator;1.0;1.0;0.0;2.0;0.6666666666666666
org.apache.flink.api.java.typeutils.runtime.PojoSerializer;1.0;1.0;0.0;2.0;0.6666666666666666
org.apache.flink.api.java.typeutils.runtime.PojoSerializer$PojoSerializerConfigSnapshot;1.0;1.0;1.0;3.0;1.0
org.apache.flink.api.java.typeutils.runtime.RowComparator;1.0;1.0;0.0;2.0;0.6666666666666666
org.apache.flink.api.java.typeutils.runtime.RowSerializer;1.0;1.0;0.0;2.0;0.6666666666666666
org.apache.flink.api.java.typeutils.runtime.RowSerializer$RowSerializerConfigSnapshot;1.0;1.0;1.0;3.0;1.0
org.apache.flink.api.java.typeutils.runtime.RuntimeComparatorFactory;1.0;1.0;1.0;3.0;1.0
org.apache.flink.api.java.typeutils.runtime.RuntimePairComparatorFactory;1.0;1.0;1.0;3.0;1.0
org.apache.flink.api.java.typeutils.runtime.RuntimeSerializerFactory;1.0;1.0;1.0;3.0;1.0
org.apache.flink.api.java.typeutils.runtime.Tuple0Serializer;1.0;1.0;0.0;2.0;0.6666666666666666
org.apache.flink.api.java.typeutils.runtime.TupleComparator;1.0;1.0;1.0;3.0;1.0
org.apache.flink.api.java.typeutils.runtime.TupleComparatorBase;1.0;1.0;0.0;2.0;0.6666666666666666
org.apache.flink.api.java.typeutils.runtime.TupleSerializer;1.0;1.0;0.0;2.0;0.6666666666666666
org.apache.flink.api.java.typeutils.runtime.TupleSerializerBase;1.0;1.0;0.0;2.0;0.6666666666666666
org.apache.flink.api.java.typeutils.runtime.TupleSerializerConfigSnapshot;1.0;1.0;1.0;3.0;1.0
org.apache.flink.api.java.typeutils.runtime.ValueComparator;1.0;1.0;0.0;2.0;0.6666666666666666
org.apache.flink.api.java.typeutils.runtime.ValueSerializer;1.0;1.0;0.0;2.0;0.6666666666666666
org.apache.flink.api.java.typeutils.runtime.ValueSerializer$ValueSerializerConfigSnapshot;1.0;1.0;1.0;3.0;1.0
org.apache.flink.api.java.typeutils.runtime.kryo.JavaSerializer;1.0;1.0;1.0;3.0;1.0
org.apache.flink.api.java.typeutils.runtime.kryo.KryoSerializer;1.0;0.0;0.0;1.0;0.3333333333333333
org.apache.flink.api.java.typeutils.runtime.kryo.KryoSerializer$KryoSerializerConfigSnapshot;1.0;1.0;1.0;3.0;1.0
org.apache.flink.api.java.typeutils.runtime.kryo.KryoSerializerDebugInitHelper;1.0;1.0;1.0;3.0;1.0
org.apache.flink.api.java.typeutils.runtime.kryo.MinlogForwarder;1.0;1.0;1.0;3.0;1.0
org.apache.flink.api.java.typeutils.runtime.kryo.Serializers;1.0;1.0;1.0;3.0;1.0
org.apache.flink.api.java.typeutils.runtime.kryo.Serializers$DummyAvroKryoSerializerClass;1.0;1.0;1.0;3.0;1.0
org.apache.flink.api.java.typeutils.runtime.kryo.Serializers$DummyAvroRegisteredClass;1.0;1.0;1.0;3.0;1.0
org.apache.flink.api.java.typeutils.runtime.kryo.Serializers$SpecificInstanceCollectionSerializer;1.0;1.0;1.0;3.0;1.0
org.apache.flink.api.java.typeutils.runtime.kryo.Serializers$SpecificInstanceCollectionSerializerForArrayList;1.0;1.0;1.0;3.0;1.0
org.apache.flink.configuration.AkkaOptions;1.0;0.0;1.0;2.0;0.6666666666666666
org.apache.flink.configuration.AlgorithmOptions;1.0;1.0;1.0;3.0;1.0
org.apache.flink.configuration.BlobServerOptions;1.0;1.0;1.0;3.0;1.0
org.apache.flink.configuration.CheckpointingOptions;1.0;1.0;1.0;3.0;1.0
org.apache.flink.configuration.ConfigConstants;1.0;0.0;1.0;2.0;0.6666666666666666
org.apache.flink.configuration.ConfigOption;1.0;1.0;0.0;2.0;0.6666666666666666
org.apache.flink.configuration.ConfigOptions;1.0;1.0;1.0;3.0;1.0
org.apache.flink.configuration.ConfigOptions$OptionBuilder;1.0;1.0;1.0;3.0;1.0
org.apache.flink.configuration.Configuration;1.0;1.0;0.0;2.0;0.6666666666666666
org.apache.flink.configuration.ConfigurationUtils;1.0;1.0;1.0;3.0;1.0
org.apache.flink.configuration.CoreOptions;1.0;0.0;1.0;2.0;0.6666666666666666
org.apache.flink.configuration.DelegatingConfiguration;1.0;1.0;0.0;2.0;0.6666666666666666
org.apache.flink.configuration.GlobalConfiguration;1.0;1.0;1.0;3.0;1.0
org.apache.flink.configuration.HeartbeatManagerOptions;1.0;1.0;1.0;3.0;1.0
org.apache.flink.configuration.HighAvailabilityOptions;1.0;0.0;1.0;2.0;0.6666666666666666
org.apache.flink.configuration.HistoryServerOptions;1.0;1.0;1.0;3.0;1.0
org.apache.flink.configuration.IllegalConfigurationException;1.0;1.0;1.0;3.0;1.0
org.apache.flink.configuration.JobManagerOptions;1.0;1.0;1.0;3.0;1.0
org.apache.flink.configuration.MemorySize;1.0;1.0;0.0;2.0;0.6666666666666666
org.apache.flink.configuration.MetricOptions;1.0;1.0;1.0;3.0;1.0
org.apache.flink.configuration.OptimizerOptions;1.0;1.0;1.0;3.0;1.0
org.apache.flink.configuration.QueryableStateOptions;1.0;1.0;1.0;3.0;1.0
org.apache.flink.configuration.ResourceManagerOptions;1.0;1.0;1.0;3.0;1.0
org.apache.flink.configuration.RestOptions;1.0;1.0;1.0;3.0;1.0
org.apache.flink.configuration.SecurityOptions;1.0;0.0;1.0;2.0;0.6666666666666666
org.apache.flink.configuration.TaskManagerOptions;1.0;0.0;1.0;2.0;0.6666666666666666
org.apache.flink.configuration.UnmodifiableConfiguration;1.0;1.0;1.0;3.0;1.0
org.apache.flink.configuration.WebOptions;1.0;0.0;1.0;2.0;0.6666666666666666
org.apache.flink.configuration.description.Description;1.0;1.0;1.0;3.0;1.0
org.apache.flink.configuration.description.Description$DescriptionBuilder;1.0;1.0;1.0;3.0;1.0
org.apache.flink.configuration.description.Formatter;1.0;1.0;0.0;2.0;0.6666666666666666
org.apache.flink.configuration.description.HtmlFormatter;1.0;1.0;1.0;3.0;1.0
org.apache.flink.configuration.description.LineBreakElement;1.0;1.0;1.0;3.0;1.0
org.apache.flink.configuration.description.LinkElement;1.0;1.0;1.0;3.0;1.0
org.apache.flink.configuration.description.ListElement;1.0;1.0;1.0;3.0;1.0
org.apache.flink.configuration.description.TextElement;1.0;1.0;1.0;3.0;1.0
org.apache.flink.core.fs.CloseableRegistry;1.0;1.0;1.0;3.0;1.0
org.apache.flink.core.fs.ClosingFSDataInputStream;1.0;1.0;1.0;3.0;1.0
org.apache.flink.core.fs.ClosingFSDataOutputStream;1.0;1.0;1.0;3.0;1.0
org.apache.flink.core.fs.ConnectionLimitingFactory;1.0;1.0;1.0;3.0;1.0
org.apache.flink.core.fs.FSDataInputStream;1.0;1.0;1.0;3.0;1.0
org.apache.flink.core.fs.FSDataInputStreamWrapper;1.0;1.0;0.0;2.0;0.6666666666666666
org.apache.flink.core.fs.FSDataOutputStream;1.0;1.0;1.0;3.0;1.0
org.apache.flink.core.fs.FSDataOutputStreamWrapper;1.0;1.0;1.0;3.0;1.0
org.apache.flink.core.fs.FileInputSplit;1.0;1.0;1.0;3.0;1.0
org.apache.flink.core.fs.FileSystem;1.0;1.0;0.0;2.0;0.6666666666666666
org.apache.flink.core.fs.FileSystem$FSKey;1.0;1.0;1.0;3.0;1.0
org.apache.flink.core.fs.FileSystemSafetyNet;1.0;1.0;1.0;3.0;1.0
org.apache.flink.core.fs.LimitedConnectionsFileSystem;1.0;1.0;0.0;2.0;0.6666666666666666
org.apache.flink.core.fs.LimitedConnectionsFileSystem$ConnectionLimitingSettings;1.0;1.0;1.0;3.0;1.0
org.apache.flink.core.fs.LimitedConnectionsFileSystem$InStream;1.0;1.0;0.0;2.0;0.6666666666666666
org.apache.flink.core.fs.LimitedConnectionsFileSystem$OutStream;1.0;1.0;1.0;3.0;1.0
org.apache.flink.core.fs.LimitedConnectionsFileSystem$StreamProgressTracker;1.0;1.0;1.0;3.0;1.0
org.apache.flink.core.fs.LimitedConnectionsFileSystem$StreamTimeoutException;1.0;1.0;1.0;3.0;1.0
org.apache.flink.core.fs.Path;1.0;1.0;0.0;2.0;0.6666666666666666
org.apache.flink.core.fs.RecoverableFsDataOutputStream;1.0;1.0;1.0;3.0;1.0
org.apache.flink.core.fs.SafetyNetCloseableRegistry;1.0;1.0;1.0;3.0;1.0
org.apache.flink.core.fs.SafetyNetCloseableRegistry$CloseableReaperThread;1.0;1.0;1.0;3.0;1.0
org.apache.flink.core.fs.SafetyNetCloseableRegistry$PhantomDelegatingCloseableRef;1.0;1.0;1.0;3.0;1.0
org.apache.flink.core.fs.SafetyNetWrapperFileSystem;1.0;1.0;0.0;2.0;0.6666666666666666
org.apache.flink.core.fs.UnsupportedFileSystemSchemeException;1.0;1.0;1.0;3.0;1.0
org.apache.flink.core.fs.UnsupportedSchemeFactory;1.0;1.0;1.0;3.0;1.0
org.apache.flink.core.fs.local.LocalBlockLocation;1.0;1.0;1.0;3.0;1.0
org.apache.flink.core.fs.local.LocalDataInputStream;1.0;1.0;1.0;3.0;1.0
org.apache.flink.core.fs.local.LocalDataOutputStream;1.0;1.0;1.0;3.0;1.0
org.apache.flink.core.fs.local.LocalFileStatus;1.0;1.0;1.0;3.0;1.0
org.apache.flink.core.fs.local.LocalFileSystem;1.0;1.0;0.0;2.0;0.6666666666666666
org.apache.flink.core.fs.local.LocalFileSystemFactory;1.0;1.0;1.0;3.0;1.0
org.apache.flink.core.fs.local.LocalRecoverable;1.0;1.0;1.0;3.0;1.0
org.apache.flink.core.fs.local.LocalRecoverableFsDataOutputStream;1.0;1.0;1.0;3.0;1.0
org.apache.flink.core.fs.local.LocalRecoverableFsDataOutputStream$LocalCommitter;1.0;1.0;1.0;3.0;1.0
org.apache.flink.core.fs.local.LocalRecoverableSerializer;1.0;1.0;1.0;3.0;1.0
org.apache.flink.core.fs.local.LocalRecoverableWriter;1.0;1.0;1.0;3.0;1.0
org.apache.flink.core.io.GenericInputSplit;1.0;1.0;1.0;3.0;1.0
org.apache.flink.core.io.LocatableInputSplit;1.0;1.0;1.0;3.0;1.0
org.apache.flink.core.io.PostVersionedIOReadableWritable;1.0;1.0;1.0;3.0;1.0
org.apache.flink.core.io.SimpleVersionedSerialization;1.0;1.0;1.0;3.0;1.0
org.apache.flink.core.io.VersionMismatchException;1.0;1.0;1.0;3.0;1.0
org.apache.flink.core.io.VersionedIOReadableWritable;1.0;1.0;1.0;3.0;1.0
org.apache.flink.core.memory.ByteArrayDataInputView;1.0;1.0;1.0;3.0;1.0
org.apache.flink.core.memory.ByteArrayDataOutputView;1.0;1.0;1.0;3.0;1.0
org.apache.flink.core.memory.ByteArrayInputStreamWithPos;1.0;1.0;0.0;2.0;0.6666666666666666
org.apache.flink.core.memory.ByteArrayOutputStreamWithPos;1.0;1.0;0.0;2.0;0.6666666666666666
org.apache.flink.core.memory.DataInputDeserializer;1.0;1.0;0.0;2.0;0.6666666666666666
org.apache.flink.core.memory.DataInputViewStreamWrapper;1.0;1.0;1.0;3.0;1.0
org.apache.flink.core.memory.DataOutputSerializer;1.0;1.0;0.0;2.0;0.6666666666666666
org.apache.flink.core.memory.DataOutputViewStreamWrapper;1.0;1.0;1.0;3.0;1.0
org.apache.flink.core.memory.HeapMemorySegment;1.0;1.0;0.0;2.0;0.6666666666666666
org.apache.flink.core.memory.HeapMemorySegment$HeapMemorySegmentFactory;1.0;1.0;1.0;3.0;1.0
org.apache.flink.core.memory.HybridMemorySegment;1.0;1.0;0.0;2.0;0.6666666666666666
org.apache.flink.core.memory.MemorySegment;1.0;1.0;0.0;2.0;0.6666666666666666
org.apache.flink.core.memory.MemorySegmentFactory;1.0;1.0;1.0;3.0;1.0
org.apache.flink.core.memory.MemoryUtils;1.0;1.0;1.0;3.0;1.0
org.apache.flink.types.BooleanValue;1.0;1.0;0.0;2.0;0.6666666666666666
org.apache.flink.types.ByteValue;1.0;1.0;0.0;2.0;0.6666666666666666
org.apache.flink.types.CharValue;1.0;1.0;0.0;2.0;0.6666666666666666
org.apache.flink.types.DeserializationException;1.0;1.0;1.0;3.0;1.0
org.apache.flink.types.DoubleValue;1.0;1.0;0.0;2.0;0.6666666666666666
org.apache.flink.types.Either;1.0;1.0;1.0;3.0;1.0
org.apache.flink.types.Either$Left;1.0;1.0;1.0;3.0;1.0
org.apache.flink.types.Either$Right;1.0;1.0;1.0;3.0;1.0
org.apache.flink.types.FloatValue;1.0;1.0;0.0;2.0;0.6666666666666666
org.apache.flink.types.IntValue;1.0;1.0;0.0;2.0;0.6666666666666666
org.apache.flink.types.JavaToValueConverter;1.0;1.0;1.0;3.0;1.0
org.apache.flink.types.KeyFieldOutOfBoundsException;1.0;1.0;1.0;3.0;1.0
org.apache.flink.types.ListValue;1.0;1.0;0.0;2.0;0.6666666666666666
org.apache.flink.types.LongValue;1.0;1.0;0.0;2.0;0.6666666666666666
org.apache.flink.types.MapValue;1.0;1.0;0.0;2.0;0.6666666666666666
org.apache.flink.types.Nothing;1.0;1.0;1.0;3.0;1.0
org.apache.flink.types.NullFieldException;1.0;1.0;1.0;3.0;1.0
org.apache.flink.types.NullKeyFieldException;1.0;1.0;1.0;3.0;1.0
org.apache.flink.types.NullValue;1.0;1.0;0.0;2.0;0.6666666666666666
org.apache.flink.types.Record;1.0;0.0;0.0;1.0;0.3333333333333333
org.apache.flink.types.Record$InternalDeSerializer;1.0;1.0;0.0;2.0;0.6666666666666666
org.apache.flink.types.Row;1.0;1.0;1.0;3.0;1.0
org.apache.flink.types.ShortValue;1.0;1.0;0.0;2.0;0.6666666666666666
org.apache.flink.types.StringValue;1.0;1.0;0.0;2.0;0.6666666666666666
org.apache.flink.types.parser.BigDecParser;1.0;1.0;1.0;3.0;1.0
org.apache.flink.types.parser.BigIntParser;1.0;1.0;1.0;3.0;1.0
org.apache.flink.types.parser.BooleanParser;1.0;1.0;1.0;3.0;1.0
org.apache.flink.types.parser.BooleanValueParser;1.0;1.0;1.0;3.0;1.0
org.apache.flink.types.parser.ByteParser;1.0;1.0;1.0;3.0;1.0
org.apache.flink.types.parser.ByteValueParser;1.0;1.0;1.0;3.0;1.0
org.apache.flink.types.parser.DoubleParser;1.0;1.0;1.0;3.0;1.0
org.apache.flink.types.parser.DoubleValueParser;1.0;1.0;1.0;3.0;1.0
org.apache.flink.types.parser.FieldParser;1.0;1.0;0.0;2.0;0.6666666666666666
org.apache.flink.types.parser.FloatParser;1.0;1.0;1.0;3.0;1.0
org.apache.flink.types.parser.FloatValueParser;1.0;1.0;1.0;3.0;1.0
org.apache.flink.types.parser.IntParser;1.0;1.0;1.0;3.0;1.0
org.apache.flink.types.parser.IntValueParser;1.0;1.0;1.0;3.0;1.0
org.apache.flink.types.parser.LongParser;1.0;1.0;1.0;3.0;1.0
org.apache.flink.types.parser.LongValueParser;1.0;1.0;1.0;3.0;1.0
org.apache.flink.types.parser.ShortParser;1.0;1.0;1.0;3.0;1.0
org.apache.flink.types.parser.ShortValueParser;1.0;1.0;1.0;3.0;1.0
org.apache.flink.types.parser.SqlDateParser;1.0;1.0;1.0;3.0;1.0
org.apache.flink.types.parser.SqlTimeParser;1.0;1.0;1.0;3.0;1.0
org.apache.flink.types.parser.SqlTimestampParser;1.0;1.0;1.0;3.0;1.0
org.apache.flink.types.parser.StringParser;1.0;1.0;1.0;3.0;1.0
org.apache.flink.types.parser.StringValueParser;1.0;1.0;1.0;3.0;1.0
org.apache.flink.util.AbstractCloseableRegistry;1.0;1.0;0.0;2.0;0.6666666666666666
org.apache.flink.util.AbstractID;1.0;1.0;1.0;3.0;1.0
org.apache.flink.util.CloseableIterable$Empty;1.0;1.0;1.0;3.0;1.0
org.apache.flink.util.CloseableIterator$IteratorAdapter;1.0;1.0;1.0;3.0;1.0
org.apache.flink.util.CollectionUtil;1.0;1.0;1.0;3.0;1.0
org.apache.flink.util.ConfigurationException;1.0;1.0;1.0;3.0;1.0
org.apache.flink.util.DynamicCodeLoadingException;1.0;1.0;1.0;3.0;1.0
org.apache.flink.util.ExceptionUtils;1.0;1.0;0.0;2.0;0.6666666666666666
org.apache.flink.util.ExecutorUtils;1.0;1.0;1.0;3.0;1.0
org.apache.flink.util.FileUtils;1.0;1.0;0.0;2.0;0.6666666666666666
org.apache.flink.util.FlinkException;1.0;1.0;1.0;3.0;1.0
org.apache.flink.util.FlinkRuntimeException;1.0;1.0;1.0;3.0;1.0
org.apache.flink.util.FutureUtil;1.0;1.0;1.0;3.0;1.0
org.apache.flink.util.IOUtils;1.0;1.0;0.0;2.0;0.6666666666666666
org.apache.flink.util.InstantiationUtil;1.0;1.0;0.0;2.0;0.6666666666666666
org.apache.flink.util.InstantiationUtil$ClassLoaderObjectInputStream;1.0;1.0;1.0;3.0;1.0
org.apache.flink.util.InstantiationUtil$FailureTolerantObjectInputStream;1.0;1.0;1.0;3.0;1.0
org.apache.flink.util.LambdaUtil;1.0;1.0;1.0;3.0;1.0
org.apache.flink.util.LongValueSequenceIterator;1.0;1.0;1.0;3.0;1.0
org.apache.flink.util.MathUtils;1.0;1.0;0.0;2.0;0.6666666666666666
org.apache.flink.util.NetUtils;1.0;1.0;0.0;2.0;0.6666666666666666
org.apache.flink.util.NumberSequenceIterator;1.0;1.0;1.0;3.0;1.0
org.apache.flink.util.OptionalConsumer;1.0;1.0;1.0;3.0;1.0
org.apache.flink.util.OptionalFailure;1.0;1.0;0.0;2.0;0.6666666666666666
org.apache.flink.util.OutputTag;1.0;1.0;1.0;3.0;1.0
org.apache.flink.util.Preconditions;1.0;1.0;0.0;2.0;0.6666666666666666
org.apache.flink.util.PropertiesUtil;1.0;1.0;1.0;3.0;1.0
org.apache.flink.util.ReflectionUtil;1.0;1.0;0.0;2.0;0.6666666666666666
org.apache.flink.util.ReflectionUtil$FullTypeInfo;1.0;1.0;1.0;3.0;1.0
org.apache.flink.util.ResourceGuard;1.0;1.0;1.0;3.0;1.0
org.apache.flink.util.ResourceGuard$Lease;1.0;1.0;1.0;3.0;1.0
org.apache.flink.util.SerializableObject;1.0;1.0;1.0;3.0;1.0
org.apache.flink.util.SerializedThrowable;1.0;1.0;1.0;3.0;1.0
org.apache.flink.util.SerializedValue;1.0;1.0;1.0;3.0;1.0
org.apache.flink.util.ShutdownHookUtil;1.0;1.0;1.0;3.0;1.0
org.apache.flink.util.SplittableIterator;1.0;1.0;1.0;3.0;1.0
org.apache.flink.util.StateMigrationException;1.0;1.0;1.0;3.0;1.0
org.apache.flink.util.StringBasedID;1.0;1.0;1.0;3.0;1.0
org.apache.flink.util.StringUtils;1.0;1.0;0.0;2.0;0.6666666666666666
org.apache.flink.util.StringValueUtils;1.0;1.0;1.0;3.0;1.0
org.apache.flink.util.StringValueUtils$WhitespaceTokenizer;1.0;1.0;1.0;3.0;1.0
org.apache.flink.util.TraversableOnceException;1.0;1.0;1.0;3.0;1.0
org.apache.flink.util.UnionIterator;1.0;1.0;1.0;3.0;1.0
org.apache.flink.util.WrappingProxyUtil;1.0;1.0;1.0;3.0;1.0
org.apache.flink.util.WrappingRuntimeException;1.0;1.0;1.0;3.0;1.0
org.apache.flink.util.XORShiftRandom;1.0;1.0;1.0;3.0;1.0
org.apache.flink.api.common.InvalidProgramException;0.0;1.0;1.0;2.0;0.6666666666666666
org.apache.flink.api.common.operators.BinaryOperatorInformation;0.0;1.0;1.0;2.0;0.6666666666666666
org.apache.flink.api.common.operators.OperatorInformation;0.0;1.0;1.0;2.0;0.6666666666666666
org.apache.flink.api.common.operators.UnaryOperatorInformation;0.0;1.0;1.0;2.0;0.6666666666666666
org.apache.flink.api.common.typeinfo.TypeInformation;0.0;1.0;0.0;1.0;0.3333333333333333
org.apache.flink.api.common.typeutils.TypeComparator;0.0;1.0;0.0;1.0;0.3333333333333333
org.apache.flink.api.common.typeutils.TypeSerializer;0.0;1.0;0.0;1.0;0.3333333333333333
org.apache.flink.api.common.typeutils.base.TypeSerializerSingleton;0.0;1.0;1.0;2.0;0.6666666666666666
Ocurrences;593.0;576.0;449.0
Rule DeF;0.9866888519134775;0.9584026622296173;0.7470881863560732